<?xml version="1.0" encoding="UTF-8"?>
<beans:beans xmlns="http://www.springframework.org/schema/mvc"
	xmlns:xsi="http://www.w3.org/2001/XMLSchema-instance"
	xmlns:beans="http://www.springframework.org/schema/beans"
	xmlns:context="http://www.springframework.org/schema/context"
	xmlns:p="http://www.springframework.org/schema/p"
	xsi:schemaLocation="http://www.springframework.org/schema/mvc https://www.springframework.org/schema/mvc/spring-mvc.xsd
		http://www.springframework.org/schema/beans https://www.springframework.org/schema/beans/spring-beans.xsd
		http://www.springframework.org/schema/context https://www.springframework.org/schema/context/spring-context.xsd">

	<!-- DispatcherServlet Context: defines this servlet's request-processing infrastructure -->
	
	<!-- Enables the Spring MVC @Controller programming model -->
	<annotation-driven />

	<!-- Handles HTTP GET requests for /resources/** by efficiently serving up static resources in the ${webappRoot}/resources directory -->
	<resources mapping="/resources/**" location="/resources/" />
	<resources location="file:///C:/Users/JINYEOP/Desktop/uploadFiles/" mapping="/image/**" />
	<!-- <resources location="file:///C:/Users/TJ/Desktop/uploadFiles/" mapping="/image/**" /> -->




	<!-- Resolves views selected for rendering by @Controllers to .jsp resources in the /WEB-INF/views directory -->
	<beans:bean class="org.springframework.web.servlet.view.InternalResourceViewResolver">
		<beans:property name="prefix" value="/WEB-INF/views/" />
		<beans:property name="suffix" value=".jsp" />
	</beans:bean>
	
	<beans:bean id="dataSource" class="org.springframework.jdbc.datasource.DriverManagerDataSource">	<!-- DriverManagerDataSource는 spring-jdbc 라이브러리 안에 있음 -->
		<beans:property name="driverClassName" value="oracle.jdbc.driver.OracleDriver" />
		<beans:property name="url" value="jdbc:oracle:thin:@localhost:1521:XE" />
		<beans:property name="username" value="web" />
		<beans:property name="password" value="web2580" />
	</beans:bean>	
	
	<beans:bean id="sqlSessionFactoryBean" class="org.mybatis.spring.SqlSessionFactoryBean">
		<beans:property name="dataSource" ref="dataSource" />
		<beans:property name="mapperLocations" value="classpath:/mappers/*.xml" />
	</beans:bean>
	
	<beans:bean id="sqlSessionTemplate" class="org.mybatis.spring.SqlSessionTemplate">
		<beans:constructor-arg ref="sqlSessionFactoryBean" />
	</beans:bean>
	
	<beans:bean id="multipartResolver" class="org.springframework.web.multipart.commons.CommonsMultipartResolver">
		<!-- 업로드 최대크기 -->
		<beans:property name="maxUploadSize" value="5242880" />	<!-- 5MB -->
		
		
		<!-- 디스크에 임시 파일을 생성하기 전에 메모리에 보관할수있는 최대 바이트 크기 -->
        <!-- property name="maxInMemorySize" value="52428800" / -->
        
        <!-- defaultEncoding -->
        <beans:property name="defaultEncoding" value="utf-8" />
	</beans:bean>

	<beans:bean id="uploadPath" class="java.lang.String">
<!--<beans:constructor-arg value="C:/Users/JINYEOP/Desktop/uploadFiles/" /> -->
	<beans:constructor-arg value="C:/Users/JINYEOP/Desktop/uploadFiles/" />

	</beans:bean>
	
	<beans:bean id="mailSender" class = "org.springframework.mail.javamail.JavaMailSenderImpl">
		<beans:property value="smtp.gmail.com" name="host" />
	  	<beans:property value="587" name="port" />
		<beans:property value="owa101010@gmail.com" name="username" />
		<beans:property value="m86304321" name="password" />
		<beans:property value="utf-8" name="defaultEncoding" />
		<beans:property name="javaMailProperties">
			<beans:props>
				<beans:prop key="mail.transport.protocol">smtp</beans:prop>
			    <beans:prop key="mail.smtp.auth">true</beans:prop>
			    <beans:prop key="mail.smtp.starttls.enable">true</beans:prop>
			    <beans:prop key="mail.debug">ture</beans:prop>
			</beans:props>
		</beans:property>
	</beans:bean>

	<context:component-scan base-package="com.project"/>
	
	
</beans:beans>
