<?xml version="1.0" encoding="UTF-8"?>
<!DOCTYPE mapper PUBLIC "-//mybatis.org//DTD Mapper 3.0//EN" "http://mybatis.org/dtd/mybatis-3-mapper.dtd">

<mapper  namespace="com.project.mappers.board">
	<!-- 전체 레코드 수 -->
	<select id="getRecords" resultType="com.project.dto.BoardDTO">
		SELECT * FROM board WHERE board_type = #{board_type} ORDER BY board_no
	</select>
	 
	 <!-- 일반 전체 검색 -->
	<select id="selectList" resultType="com.project.dto.BoardDTO">
		<!-- SELECT * FROM (SELECT ROWNUM r, e.* FROM entire e ORDER BY entire_no DESC) WHERE <![CDATA[ r >= #{rowStart} AND r <= #{rowStart} + 20 ]]> -->	<!-- mapper 안에선 <,> 와 같은 비교연산자는 <![CDATA[요기에 넣으셈요]]> --> -->
		SELECT *
		    FROM (SELECT ROWNUM r, b.*
		            FROM (SELECT (SELECT COUNT(*) FROM reply WHERE reply_group = board_no) board_reply, b.* 
		                    FROM board b
		                    WHERE board_type = #{board_type} AND board_upBoard is null
		                    ORDER BY board_no DESC) b)
		    WHERE <![CDATA[ r >= #{rowStart} AND r <= #{rowEnd} ]]>
	</select>

	<!-- 게시물 위 공지글 가져오기 -->
	<select id="selectUpBoardList" resultType="com.project.dto.BoardDTO">
		<!-- SELECT * FROM (SELECT ROWNUM r, e.* FROM entire e ORDER BY entire_no DESC) WHERE <![CDATA[ r >= #{rowStart} AND r <= #{rowStart} + 20 ]]> -->	<!-- mapper 안에선 <,> 와 같은 비교연산자는 <![CDATA[요기에 넣으셈요]]> --> -->
		SELECT ROWNUM r, b.*
		    FROM (SELECT (SELECT COUNT(*) FROM reply WHERE reply_group = board_no) board_reply, b.* 
		            FROM board b
		            WHERE  board_upBoard = 'upBoard'
		            ORDER BY board_no DESC) b
	</select>
	
		
		
	<!-- 검색한 게시물 수 -->	
	<select id="getSearchByTypeRecords" resultType="com.project.dto.BoardDTO">
		SELECT *
		    FROM (SELECT ROWNUM r, b.* 
		            FROM (SELECT  * FROM board WHERE board_type = #{board_type} ) b
		
		<if test="searchType == 'all' ">
	        WHERE board_title LIKE '%' || #{searchData} || '%' OR
	        	  board_content LIKE '%' || #{searchData} || '%' OR
	        	  board_nickname LIKE '%' || #{searchData} || '%')
	    </if>
		
		<if test="searchType == 'title' ">
	        WHERE board_title LIKE '%' || #{searchData} || '%')
	    </if>

		<if test="searchType == 'content' ">
	        WHERE board_content LIKE '%' || #{searchData} || '%') 
	    </if>

		<if test="searchType == 'nickname' ">
	        WHERE board_nickname LIKE '%' || #{searchData} || '%')
	    </if>
	</select>
	
	<!-- 검색한 데이터 타입에 따라 가져오기 -->
	<select id="searchData" resultType="com.project.dto.BoardDTO">
		SELECT *
		    FROM (SELECT ROWNUM r, b.* 
		            FROM (SELECT  (SELECT COUNT(*) FROM reply WHERE reply_group = board_no) board_reply, b.* FROM board b WHERE board_type = #{board_type} ORDER BY board_no DESC) b
				
				<if test="searchType == 'all' ">
			        WHERE board_title LIKE '%' || #{searchData} || '%' OR
			        	  board_content LIKE '%' || #{searchData} || '%' OR
			        	  board_nickname LIKE '%' || #{searchData} || '%')
				</if>
				
				<if test="searchType == 'title' ">
			        WHERE board_title LIKE '%' || #{searchData} || '%')
			    </if>
		
				<if test="searchType == 'content' ">
			        WHERE board_content LIKE '%' || #{searchData} || '%')
			    </if>
		
				<if test="searchType == 'nickname' ">
			        WHERE board_nickname LIKE '%' || #{searchData} || '%')
			    </if>
			WHERE <![CDATA[r >= #{rowStart} AND r <= #{rowEnd}]]>
	</select>
	
	
	
	<!-- 특정 제목 클릭 했을때 -->
	<select id="selectOne" resultType="com.project.dto.BoardDTO">
		SELECT * FROM board WHERE board_no = #{board_no}
	</select>
	
	<!-- 조회수 -->
	<update id="updateView">
		UPDATE board SET board_view = board_view + 1 WHERE board_no = #{board_no}
	</update>
	
	<!--  게시물 등록 -->
	<insert id="insertRecord">
		<if test="board_upBoard == null">
			INSERT INTO board ( board_type, board_no, board_nickname, board_title, board_content, board_view, board_like, board_dislike, board_date, board_hasFile)
				VALUES(#{board_type} ,board_seq.NEXTVAL, #{board_nickname}, #{board_title}, #{board_content}, 0, 0, 0, SYSDATE, 0)
		</if>
		<if test="board_upBoard == 'upBoard'">
			INSERT INTO board 
				VALUES(#{board_type} ,board_seq.NEXTVAL, #{board_nickname}, #{board_title}, #{board_content}, 0, 0, 0, SYSDATE, 0, #{board_upBoard})
		
		</if>
	</insert>
	
	<!-- 글번호에 파일 넣기 -->
	<insert id="insertFile">
		INSERT INTO boardfile values(#{board_no}, #{boardfile_name}, SYSDATE, #{board_type})
	</insert>
	
	<!-- 게시물에 있는 파일 삭제 삭제 -->
	<delete id="deleteFile">
		DELETE FROM boardfile WHERE board_no = #{board_no} AND boardfile_name = #{boardfile_name}
	</delete>

	<!-- 게시물에 있는 모든 파일 삭제 삭제 -->
	<delete id="deleteAllFile">
		DELETE FROM boardfile WHERE board_no = #{board_no}
	</delete>
	
	<!-- 게시물 삭제 -->
	<delete id="boardDelete">
		DELETE FROM board WHERE board_no = #{board_no}
	</delete>
	
	<!--  가장 최근에 등록한 게시물 가져오기 -->
	<select id="getLatest" resultType="int">
		SELECT 	board_no 
			FROM (SELECT ROWNUM r, board_no FROM board ORDER BY board_no DESC)
			WHERE r = 1
	</select>
	
	<!-- 해당 게시물에 있는 첨부파일 가져오기 -->
	<select id="selectFile" resultType="String">
		SELECT boardfile_name FROM boardfile WHERE board_no = #{board_no}
	</select>

	<!-- 편의제공 게시판 -->
	<select id="selectAllFile" resultType="com.project.dto.BoardFileDTO">
		SELECT * FROM boardfile where board_type = #{board_type}
	</select>
	
	<!-- 게시물 추천 -->
	<update id="updateLikey">
		<if test="likey == 'like'">
			<if test="upDown == 'up'">
				UPDATE board
					SET board_like = board_like + 1
					WHERE board_no = #{no}
			</if>

			<if test="upDown == 'down'">
				UPDATE board
					SET board_like = board_like - 1
					WHERE board_no = #{no}
			</if>
		</if>


		<if test="likey == 'dislike'">
			<if test="upDown == 'up'">
				UPDATE board
					SET board_dislike = board_dislike + 1
					WHERE board_no = #{no}
			</if>

			<if test="upDown == 'down'">
				UPDATE board
					SET board_dislike = board_dislike - 1
					WHERE board_no = #{no}
			</if>
		</if>
	</update>
	
	<!-- 추천 가져오기 -->
	<select id="getLikes" resultType="int"> 
		SELECT board_like
			FROM board
			WHERE board_no = #{board_no}
	</select>

	<!-- 비추천 가져오기 -->
	<select id="getDislikes" resultType="int">
		SELECT board_dislike
			FROM board
			WHERE board_no = #{board_no}
	</select>
	
	<!-- 게시물 수정 -->
	<update id="updateContent">
		update board
			SET board_title = #{board_title},
				board_content = #{board_content}
			where board_no = #{board_no}
	</update>
	
	<!-- 첨부파일 있는지  -->
	<select id="hasFile" resultType="int">
		select board_hasfile
			from board
			where board_no = #{board_no}
	</select>
	
	<!-- 글쓰기/수정시 첨부파일 있으면 +1 -->
	<update id="hasFileUp">
		update board
			set board_hasfile = 1
			where board_no = #{board_no}
	</update>

	<!-- 첨부파일 아예 없으면 0으로 -->
	<update id="hasFileDown">
		update board
			set board_hasfile = 0
			where board_no = #{board_no}
	</update>
	
</mapper>