<?xml version="1.0" encoding="UTF-8"?>

<!DOCTYPE mapper PUBLIC "-//mybatis.org//DTD Mapper 3.0//EN" "http://mybatis.org/dtd/mybatis-3-mapper.dtd">

<mapper namespace="com.project.dao.joinDAO">

<select id="insert" parameterType="com.project.dto.JoinDTO">
insert into member values(#{id},#{pwd},#{name},#{nickname},#{email},#{verify})  
</select>

<update id="mailverify">
update member set verify='y' where email = #{email}
</update>

<select id="findid" resultType="int">
  select count(*) from member where id=#{id}  
</select>

<select id="findnick" resultType="int">
  select count(*) from member where nickname=#{nickname}  
</select>

<select id="findemail" resultType="int">
  select count(*) from member where email=#{email}  
</select>

<select id="searchId"  resultType="String">
select id from member where name=#{name} and email=#{email}
</select>

<update id="searchpwd">
update member set pwd=#{pwd} where id = #{id} and email=#{email}
</update>

<select id="memberinfo" resultType="com.project.dto.JoinDTO">
select *from member where nickname=#{nickname}
</select>

<update id="infoupdate" >
update member set nickname=#{nickname}, email=#{email} where id = #{id}
</update>

</mapper>