<?xml version="1.0" encoding="UTF-8"?>

<!DOCTYPE mapper PUBLIC "-//mybatis.org//DTD Mapper 3.0//EN" "http://mybatis.org/dtd/mybatis-3-mapper.dtd">
<mapper namespace="com.project.mappers.recommend">
	<!-- 게시글 혹은 답변글 전체 가져가기 -> 게시글/답변       추천/비추천 눌렀을때 확인 후 등록 or 추천 up down 해줌 -->
	<select id="selectRecommend" resultType="com.project.dto.RecommendDTO">
		<if test="recType == 'reply'">
			SELECT * FROM recommend WHERE reply_no = #{no} AND nickname = #{nickname}
		</if>

		<if test="recType == 'board'">
			SELECT * FROM recommend WHERE board_no = #{no} AND nickname = #{nickname}
		</if>
	</select>

	<select id="selectByNickname" resultType="com.project.dto.RecommendDTO">
		SELECT * FROM recommend WHERE nickname = #{nickname}
	</select>

	<!-- 첫 좋아요일때 새로 insert -->
	<insert id="insertNew">
		<if test="recType == 'board'">	
			<if test="likey == 'like'">
				INSERT INTO recommend (rec_no, board_no, rec_like, rec_dislike, nickname)
					VALUES(recommend_seq.NEXTVAL, #{no}, 1, 0, #{nickname})
			</if>

			<if test="likey == 'dislike'">
				INSERT INTO recommend (rec_no, board_no, rec_like, rec_dislike, nickname)
					VALUES(recommend_seq.NEXTVAL, #{no}, 0, -1, #{nickname})
				
			</if>
		</if>

		<if test="recType == 'reply'">
			<if test="likey == 'like'">
				INSERT INTO recommend (rec_no, reply_no, rec_like, rec_dislike, nickname)
					VALUES(recommend_seq.NEXTVAL, #{no}, 1, 0, #{nickname})
				
			</if>

			<if test="likey == 'dislike'">
				INSERT INTO recommend (rec_no, reply_no, rec_like, rec_dislike, nickname)
					VALUES(recommend_seq.NEXTVAL, #{no}, 0, -1, #{nickname})
			</if>
		</if>
	</insert>
	
	
	<!-- 게시물 -->
	

	<update id="updateLikey">
		<if test="recType == 'reply'">
			<if test="likey == 'like'">
				<if test="upDown == 'up'">
					update recommend
					   set rec_like = 1
					   where nickname = #{nickname}	and reply_no = #{no}
				</if>

				<if test="upDown == 'down'">
					update recommend
					   set rec_like = 0
					   where nickname = #{nickname}	and reply_no = #{no}
				</if>
			</if>

			<if test="likey == 'dislike'">
				<if test="upDown == 'up'">
					update recommend
					   set rec_dislike = 0
					   where nickname = #{nickname}	and reply_no = #{no}
				</if>

				<if test="upDown == 'down'">
					update recommend
					   set rec_dislike = -1
					   where nickname = #{nickname}	and reply_no = #{no}
				</if>
			</if>
		</if>




		<if test="recType == 'board'">
			<if test="likey == 'like'">
				<if test="upDown == 'up'">
					update recommend
					   set rec_like = 1
					   where nickname = #{nickname} AND board_no = #{no}
				</if>

				<if test="upDown == 'down'">
					update recommend
					   set rec_like = 0
					   where nickname = #{nickname} AND board_no = #{no}
				</if>
			</if>

			<if test="likey == 'dislike'">
				<if test="upDown == 'up'">
					update recommend
					   set rec_dislike = 0
					   where nickname = #{nickname}	and board_no = #{no}
				</if>

				<if test="upDown == 'down'">
					update recommend
					   set rec_dislike = -1
					   where nickname = #{nickname}	and board_no = #{no}
				</if>
			</if>
		</if>
	</update>
	
	
	
	
	
</mapper>