<?xml version="1.0" encoding="UTF-8"?>

<!DOCTYPE mapper PUBLIC "-//mybatis.org//DTD Mapper 3.0//EN" "http://mybatis.org/dtd/mybatis-3-mapper.dtd">

<mapper namespace="com.project.mappers.reply">
	<select id="selectList" resultType="com.project.dto.ReplyDTO">
		SELECT * 
		    FROM(SELECT ROWNUM r, b.*
		            FROM (SELECT * FROM reply WHERE reply_group = #{board_no} ORDER BY reply_step) b)
		    WHERE <![CDATA[ r >= #{rowStart} AND r <= #{rowEnd}]]>
	</select>

	<select id="selectAllList" resultType="com.project.dto.ReplyDTO">
		select * from reply order by reply_group desc, reply_date desc
	</select>
	
	<update id="updateReplyOthers">
		UPDATE reply
			SET reply_step = reply_step + 1
			WHERE reply_group = #{board_no}
	</update>

	<update id="updateReply">
		INSERT INTO reply
			VALUES(reply_seq.NEXTVAL, #{board_no}, 1, 1, #{reply_nickname}, #{reply_content}, 0, 0, SYSDATE)
	</update>

	<select id="getRecords" resultType="int" >
		SELECT COUNT(*) FROM reply WHERE reply_group = #{board_no}	<!--  board_no == reply_group -->
	</select>

	<delete id="deleteReply">
		delete from reply where reply_no = #{reply_no}
	</delete>

	<update id="editReplyOk">
		update reply
			set reply_content = #{reply_content}
			where reply_no = #{reply_no}
	</update>
	

	<update id="updateLikey">
		<!-- 좋아요  -->
		<if test="likey == 'like'">		
			<if test="upDown == 'up'">	<!-- +1 -->
				UPDATE reply
					SET reply_like = reply_like + 1
					WHERE reply_no = #{no}
			</if>

			<if test="upDown == 'down'"> <!-- -1 -->
				UPDATE reply
					SET reply_like = reply_like - 1
					WHERE reply_no = #{no}
			</if>
		</if>

		<!-- 싫어요 -->
		<if test="likey == 'dislike'">
			<if test="upDown == 'up'">
				UPDATE reply
					SET reply_dislike = reply_dislike + 1
					WHERE reply_no = #{no}
			</if>

			<if test="upDown == 'down'">
				UPDATE reply
					SET reply_dislike = reply_dislike - 1
					WHERE reply_no = #{no}
			</if>
		</if>
	</update>
</mapper>